route,eta,eta_prime,eta_prime_over_eta,scale,delta,quartic_budget,T,alpha,beta,rho0,theta_radius,w_radius,r_max,stability_aux_squared,zeta,replicates,mse,mse_standard_error,mse_ci95_low,mse_ci95_high,mean_theta,mean_w,target_theta,target_w,quartic_normalized_mse,cubic_normalized_mse
paper_eq17,0.3,0.39999999999999997,1.3333333333333333,0.8944271909999159,0.25,4,494,0.009375,0.009375,1.0,3.162277660168379,1.1,0.32360679774997897,0.006787628304625599,0.15,128,0.5554064279028297,0.002144741233129372,0.5512027350858961,0.5596101207197632,0.254918935669324,0.4418968881217257,1.0,0.4472135954999579,0.35818882918906153,1.1939627639635384
paper_eq17,0.3,0.39999999999999997,1.3333333333333333,0.8944271909999159,0.25,8,988,0.009375,0.009375,1.0,3.162277660168379,1.1,0.32360679774997897,0.006787628304625599,0.15,128,0.47353138032619146,0.003364217389586895,0.46693751424260116,0.48012524640978177,0.3124115313354796,0.4434372817505418,1.0,0.4472135954999579,0.5494772927804676,1.831590975934892
paper_eq17,0.3,0.39999999999999997,1.3333333333333333,0.8944271909999159,0.25,16,1976,0.009375,0.009375,1.0,3.162277660168379,1.1,0.32360679774997897,0.006787628304625599,0.15,128,0.4515990817084105,0.003442351300638865,0.4448520731591583,0.4583460902576627,0.3286120602571411,0.4530033113119777,1.0,0.4472135954999579,0.9524040615154156,3.1746802050513847
paper_eq17,0.3,0.39999999999999997,1.3333333333333333,0.8944271909999159,0.25,32,3951,0.009375,0.009375,1.0,3.162277660168379,1.1,0.32360679774997897,0.006787628304625599,0.15,128,0.4499163386650523,0.003234205639818152,0.4435772956110087,0.4562553817190959,0.3297847425767213,0.4414145044613137,1.0,0.4472135954999579,1.738560427731975,5.79520142577325
paper_eq17,0.22,0.2933333333333334,1.3333333333333335,0.7659416862050705,0.25,4,1708,0.006875,0.006875,1.0,3.6927447293799815,1.1,0.29148542155126766,0.003732866356815153,0.11,128,0.4835564804468045,0.002038834852200924,0.47956036413649067,0.4875525967571183,0.3048133609593813,0.3881628128736444,1.0,0.38297084310253526,0.2599196148476678,1.181452794762126
paper_eq17,0.22,0.2933333333333334,1.3333333333333335,0.7659416862050705,0.25,8,3416,0.006875,0.006875,1.0,3.6927447293799815,1.1,0.29148542155126766,0.003732866356815153,0.11,128,0.44725789748545774,0.0024332679746392125,0.4424886922551649,0.4520271027157506,0.3315399197063176,0.3853196648056663,1.0,0.38297084310253526,0.4398737039112388,1.9994259268692671
paper_eq17,0.22,0.2933333333333334,1.3333333333333335,0.7659416862050705,0.25,16,6831,0.006875,0.006875,1.0,3.6927447293799815,1.1,0.29148542155126766,0.003732866356815153,0.11,128,0.4486922649223085,0.0024228699993661344,0.4439434397235509,0.45344109012106615,0.33046466607587427,0.3812500796365217,1.0,0.38297084310253526,0.8131932034836952,3.696332743107705
paper_eq17,0.22,0.2933333333333334,1.3333333333333335,0.7659416862050705,0.25,32,13661,0.006875,0.006875,1.0,3.6927447293799815,1.1,0.29148542155126766,0.003732866356815153,0.11,128,0.4494426036108723,0.0025670250471305344,0.44441123451849646,0.45447397270324813,0.3299436423719173,0.38410193606651377,1.0,0.38297084310253526,1.5104356891577635,6.865616768898924
paper_eq17,0.16,0.21333333333333337,1.3333333333333335,0.6531972647421809,0.25,4,6104,0.005,0.005,1.0,4.330127018922193,1.1,0.26329931618554525,0.0020092979140230545,0.08,128,0.4493812913421249,0.0018138517201182647,0.4458261419706931,0.4529364407135567,0.3298152216021798,0.32958835008581233,1.0,0.32659863237109044,0.2062287473428196,1.2889296708926226
paper_eq17,0.16,0.21333333333333337,1.3333333333333335,0.6531972647421809,0.25,8,12208,0.005,0.005,1.0,4.330127018922193,1.1,0.26329931618554525,0.0020092979140230545,0.08,128,0.44746136869335096,0.0020496213050337393,0.4434441109354848,0.4514786264512171,0.33129664330751163,0.3292258692772724,1.0,0.32659863237109044,0.3804465646634095,2.3777910291463096
paper_eq17,0.16,0.21333333333333337,1.3333333333333335,0.6531972647421809,0.25,16,24415,0.005,0.005,1.0,4.330127018922193,1.1,0.26329931618554525,0.0020092979140230545,0.08,128,0.4481516479137576,0.0018969764612578662,0.4444335740496922,0.45186972177782303,0.33074844819922344,0.32455540009114126,1.0,0.32659863237109044,0.7097600728830498,4.4360004555190615
paper_eq17,0.16,0.21333333333333337,1.3333333333333335,0.6531972647421809,0.25,32,48829,0.005,0.005,1.0,4.330127018922193,1.1,0.26329931618554525,0.0020092979140230545,0.08,128,0.44671270753274417,0.002058731011139563,0.4426775947509106,0.4507478203145777,0.33186008866604544,0.3279238664659109,1.0,0.32659863237109044,1.3240950524750732,8.275594077969208
paper_eq17,0.12,0.16,1.3333333333333335,0.565685424949238,0.25,4,19291,0.00375,0.00375,1.0,5.0,1.1,0.2414213562373095,0.0011440915479459263,0.06,128,0.4466500200386362,0.0014610587217945333,0.4437863449439189,0.4495136951333535,0.3317947328360398,0.28278137823676397,1.0,0.282842712474619,0.18106826253540576,1.508902187795048
paper_eq17,0.12,0.16,1.3333333333333335,0.565685424949238,0.25,8,38581,0.00375,0.00375,1.0,5.0,1.1,0.2414213562373095,0.0011440915479459263,0.06,128,0.44653238385185245,0.0015527551259865507,0.4434889838049188,0.4495757838987861,0.33189700924134424,0.28419968772324883,1.0,0.282842712474619,0.3382713782254592,2.818928151878827
paper_eq17,0.12,0.16,1.3333333333333335,0.565685424949238,0.25,16,77161,0.00375,0.00375,1.0,5.0,1.1,0.2414213562373095,0.0011440915479459263,0.06,128,0.44839350328352906,0.0014382277484323962,0.44557457689660157,0.45121242967045655,0.3304871968917458,0.2841949916242408,1.0,0.282842712474619,0.6375118489694592,5.3125987414121605
paper_eq17,0.12,0.16,1.3333333333333335,0.565685424949238,0.25,32,154321,0.0025805078607963427,0.0025805078607963427,1.0,5.0,1.1,0.2414213562373095,0.0011440915479459263,0.06,128,0.44733547842984767,0.001154839164702695,0.4450719936670304,0.44959896319266496,0.33123944171437225,0.281835684853942,1.0,0.282842712474619,1.1982070947665793,9.985059123054828
paper_eq17,0.09,0.12,1.3333333333333333,0.4898979485566356,0.25,4,60967,0.0028125,0.0028125,1.0,5.773502691896257,1.1,0.2224744871391589,0.0006497225924135612,0.045,128,0.44600939287421926,0.001101777285018271,0.44384990939558344,0.4481688763528551,0.33222552600358013,0.24648573130777632,1.0,0.2449489742783178,0.16192055517766826,1.7991172797518697
paper_eq17,0.09,0.12,1.3333333333333333,0.4898979485566356,0.25,8,121933,0.0028125,0.0028125,1.0,5.773502691896257,1.1,0.2224744871391589,0.0006497225924135612,0.045,128,0.4456022660244876,0.0012146315140504646,0.4432215882569487,0.4479829437920265,0.33254410800858847,0.2432845146313718,1.0,0.2449489742783178,0.3043939278487748,3.382154753875276
paper_eq17,0.09,0.12,1.3333333333333333,0.4898979485566356,0.25,16,243866,0.002260691121571673,0.002260691121571673,1.0,5.773502691896257,1.1,0.2224744871391589,0.0006497225924135612,0.045,128,0.44662286973047394,0.0009332427044673929,0.44479371402971785,0.44845202543123003,0.3317479421201612,0.24771858795328916,1.0,0.2449489742783178,0.5760859038667093,6.400954487407882
paper_eq17,0.09,0.12,1.3333333333333333,0.4898979485566356,0.25,32,487731,0.0011935104804950694,0.0011935104804950694,1.0,5.773502691896257,1.1,0.2224744871391589,0.0006497225924135612,0.045,128,0.4461887961786992,0.0007550380441961708,0.4447089216120747,0.44766867074532374,0.3320566851655377,0.24504655867237102,1.0,0.2449489742783178,1.0901341470561656,12.112601633957395
